{
  "timestamp": "2025-10-12 13:56:48",
  "python": "3.12.11 (main, Jun  4 2025, 08:56:18) [GCC 11.4.0]",
  "numpy": "2.0.2",
  "matplotlib": "3.10.0",
  "networkx": "3.3",
  "params": {
    "N": 1000,
    "k": 10,
    "seeds": 50,
    "p_values": [
      0.0,
      0.0001,
      0.0002,
      0.0005,
      0.001,
      0.0022,
      0.0046,
      0.01,
      0.0215,
      0.0464,
      0.1,
      0.2154,
      0.4642,
      1.0
    ],
    "MIN_GC_FRAC": 0.95
  },
  "baselines": {
    "C_rand_theory": 0.01001001001001001,
    "L_rand_theory": 2.9999999999999996,
    "C_rand_empirical_WS_p1": 0.008926791079004704,
    "L_rand_empirical_WS_p1": 3.268433166499833,
    "E_rand_empirical_WS_p1": 0.32352297630937515
  }
}